[{"pk": 1, "model": "bookmarks.link", "fields": {"url": "http://www.packtpub.com/"}}, {"pk": 2, "model": "bookmarks.link", "fields": {"url": "http://www.google.com/"}}, {"pk": 3, "model": "bookmarks.link", "fields": {"url": "http://www.bing.com/"}}, {"pk": 4, "model": "bookmarks.link", "fields": {"url": "http://www.facebook.com/"}}, {"pk": 5, "model": "bookmarks.link", "fields": {"url": "http://www.thongtincongnghe.com/"}}, {"pk": 6, "model": "bookmarks.link", "fields": {"url": "http://mail.google.com/"}}, {"pk": 7, "model": "bookmarks.link", "fields": {"url": "http://me.zing.vn/"}}, {"pk": 8, "model": "bookmarks.link", "fields": {"url": "http://kenh14.vn/"}}, {"pk": 9, "model": "bookmarks.link", "fields": {"url": "http://tinhte.vn/"}}, {"pk": 10, "model": "bookmarks.link", "fields": {"url": "http://go.vn/"}}, {"pk": 11, "model": "bookmarks.link", "fields": {"url": "http://yahoo.com/"}}, {"pk": 12, "model": "bookmarks.link", "fields": {"url": "http://hotmail.com/"}}, {"pk": 13, "model": "bookmarks.link", "fields": {"url": "http://dantri.com.vn/"}}, {"pk": 14, "model": "bookmarks.link", "fields": {"url": "http://autopro.com.vn/"}}, {"pk": 15, "model": "bookmarks.link", "fields": {"url": "http://github.com/"}}, {"pk": 16, "model": "bookmarks.link", "fields": {"url": "http://so.cl/"}}, {"pk": 17, "model": "bookmarks.link", "fields": {"url": "http://news.go.vn/"}}, {"pk": 18, "model": "bookmarks.link", "fields": {"url": "http://news.google.com/"}}, {"pk": 19, "model": "bookmarks.link", "fields": {"url": "http://congdongcviet.com/"}}, {"pk": 20, "model": "bookmarks.link", "fields": {"url": "http://cplusplus.com/"}}, {"pk": 1, "model": "bookmarks.bookmark", "fields": {"link": 1, "user": 1, "title": "Packt Publishing ABC"}}, {"pk": 3, "model": "bookmarks.bookmark", "fields": {"link": 3, "user": 2, "title": "Bing search"}}, {"pk": 6, "model": "bookmarks.bookmark", "fields": {"link": 2, "user": 2, "title": "Google search"}}, {"pk": 7, "model": "bookmarks.bookmark", "fields": {"link": 5, "user": 2, "title": "Technology News"}}, {"pk": 8, "model": "bookmarks.bookmark", "fields": {"link": 4, "user": 2, "title": "Facebook"}}, {"pk": 9, "model": "bookmarks.bookmark", "fields": {"link": 6, "user": 2, "title": "Gmail"}}, {"pk": 10, "model": "bookmarks.bookmark", "fields": {"link": 7, "user": 2, "title": "<script>alert(\"Test.\");</script>"}}, {"pk": 11, "model": "bookmarks.bookmark", "fields": {"link": 8, "user": 1, "title": "Kenh fourteen"}}, {"pk": 12, "model": "bookmarks.bookmark", "fields": {"link": 9, "user": 1, "title": "Tinh t\u1ebf"}}, {"pk": 13, "model": "bookmarks.bookmark", "fields": {"link": 10, "user": 1, "title": "SocialNetwork"}}, {"pk": 14, "model": "bookmarks.bookmark", "fields": {"link": 12, "user": 4, "title": "Hotmail"}}, {"pk": 15, "model": "bookmarks.bookmark", "fields": {"link": 13, "user": 1, "title": "Dan tri"}}, {"pk": 16, "model": "bookmarks.bookmark", "fields": {"link": 14, "user": 1, "title": "Auto pro Vi\u1ec7t Nam"}}, {"pk": 17, "model": "bookmarks.bookmark", "fields": {"link": 15, "user": 1, "title": "Social Coding"}}, {"pk": 18, "model": "bookmarks.bookmark", "fields": {"link": 16, "user": 1, "title": "Social Network"}}, {"pk": 19, "model": "bookmarks.bookmark", "fields": {"link": 17, "user": 1, "title": "Go news"}}, {"pk": 20, "model": "bookmarks.bookmark", "fields": {"link": 18, "user": 1, "title": "Google News"}}, {"pk": 21, "model": "bookmarks.bookmark", "fields": {"link": 19, "user": 1, "title": "C\u1ed9ng \u0111\u1ed3ng c vi\u1ec7t"}}, {"pk": 22, "model": "bookmarks.bookmark", "fields": {"link": 20, "user": 1, "title": "C++ Resource "}}, {"pk": 1, "model": "bookmarks.tag", "fields": {"bookmarks": [], "name": "book"}}, {"pk": 2, "model": "bookmarks.tag", "fields": {"bookmarks": [], "name": "publisher"}}, {"pk": 3, "model": "bookmarks.tag", "fields": {"bookmarks": [3, 6], "name": "Serch"}}, {"pk": 4, "model": "bookmarks.tag", "fields": {"bookmarks": [3, 6], "name": "engine"}}, {"pk": 5, "model": "bookmarks.tag", "fields": {"bookmarks": [], "name": "search"}}, {"pk": 6, "model": "bookmarks.tag", "fields": {"bookmarks": [8, 18], "name": "Social"}}, {"pk": 7, "model": "bookmarks.tag", "fields": {"bookmarks": [8], "name": "network"}}, {"pk": 8, "model": "bookmarks.tag", "fields": {"bookmarks": [7, 11, 19, 20], "name": "News"}}, {"pk": 9, "model": "bookmarks.tag", "fields": {"bookmarks": [9], "name": "mail"}}, {"pk": 10, "model": "bookmarks.tag", "fields": {"bookmarks": [10], "name": "Socialnetwork"}}, {"pk": 11, "model": "bookmarks.tag", "fields": {"bookmarks": [1], "name": "bookpublisher"}}, {"pk": 12, "model": "bookmarks.tag", "fields": {"bookmarks": [13], "name": "social"}}, {"pk": 13, "model": "bookmarks.tag", "fields": {"bookmarks": [14], "name": "Hotmail"}}, {"pk": 14, "model": "bookmarks.tag", "fields": {"bookmarks": [15], "name": "bao"}}, {"pk": 15, "model": "bookmarks.tag", "fields": {"bookmarks": [15], "name": "dien"}}, {"pk": 16, "model": "bookmarks.tag", "fields": {"bookmarks": [15], "name": "tu"}}, {"pk": 17, "model": "bookmarks.tag", "fields": {"bookmarks": [15], "name": "viet"}}, {"pk": 18, "model": "bookmarks.tag", "fields": {"bookmarks": [15], "name": "nam"}}, {"pk": 19, "model": "bookmarks.tag", "fields": {"bookmarks": [16], "name": "trang"}}, {"pk": 20, "model": "bookmarks.tag", "fields": {"bookmarks": [16], "name": "th\u00f4ng"}}, {"pk": 21, "model": "bookmarks.tag", "fields": {"bookmarks": [12, 16], "name": "tin"}}, {"pk": 22, "model": "bookmarks.tag", "fields": {"bookmarks": [16], "name": "\u00f4"}}, {"pk": 23, "model": "bookmarks.tag", "fields": {"bookmarks": [16], "name": "t\u00f4"}}, {"pk": 24, "model": "bookmarks.tag", "fields": {"bookmarks": [16], "name": "xe"}}, {"pk": 25, "model": "bookmarks.tag", "fields": {"bookmarks": [16], "name": "m\u00e1y"}}, {"pk": 26, "model": "bookmarks.tag", "fields": {"bookmarks": [16], "name": "Vi\u1ec7t"}}, {"pk": 27, "model": "bookmarks.tag", "fields": {"bookmarks": [16], "name": "Nam"}}, {"pk": 28, "model": "bookmarks.tag", "fields": {"bookmarks": [17], "name": "Rep"}}, {"pk": 29, "model": "bookmarks.tag", "fields": {"bookmarks": [17], "name": "project"}}, {"pk": 30, "model": "bookmarks.tag", "fields": {"bookmarks": [12], "name": "Trang"}}, {"pk": 31, "model": "bookmarks.tag", "fields": {"bookmarks": [12], "name": "forum"}}, {"pk": 32, "model": "bookmarks.tag", "fields": {"bookmarks": [12], "name": "t\u1ee9c"}}, {"pk": 33, "model": "bookmarks.tag", "fields": {"bookmarks": [18, 22], "name": "Network"}}, {"pk": 34, "model": "bookmarks.tag", "fields": {"bookmarks": [18], "name": "of"}}, {"pk": 35, "model": "bookmarks.tag", "fields": {"bookmarks": [18], "name": "Microsoft"}}, {"pk": 36, "model": "bookmarks.tag", "fields": {"bookmarks": [21], "name": "Forum"}}, {"pk": 37, "model": "bookmarks.tag", "fields": {"bookmarks": [22], "name": "Resource"}}, {"pk": 1, "model": "bookmarks.sharedbookmark", "fields": {"bookmark": 10, "date": "2012-02-28 21:55:11", "votes": 2, "users_voted": [1, 2]}}, {"pk": 2, "model": "bookmarks.sharedbookmark", "fields": {"bookmark": 9, "date": "2012-02-28 21:55:21", "votes": 3, "users_voted": [1, 2, 5]}}, {"pk": 3, "model": "bookmarks.sharedbookmark", "fields": {"bookmark": 8, "date": "2012-02-28 21:55:27", "votes": 4, "users_voted": [1, 2, 4, 5]}}, {"pk": 4, "model": "bookmarks.sharedbookmark", "fields": {"bookmark": 11, "date": "2012-02-29 14:25:53", "votes": 1, "users_voted": [1]}}, {"pk": 5, "model": "bookmarks.sharedbookmark", "fields": {"bookmark": 12, "date": "2012-02-29 15:47:02", "votes": 1, "users_voted": [1]}}, {"pk": 6, "model": "bookmarks.sharedbookmark", "fields": {"bookmark": 13, "date": "2012-03-01 22:58:25", "votes": 1, "users_voted": [1]}}, {"pk": 7, "model": "bookmarks.sharedbookmark", "fields": {"bookmark": 14, "date": "2012-03-01 23:47:34", "votes": 1, "users_voted": [4]}}, {"pk": 8, "model": "bookmarks.sharedbookmark", "fields": {"bookmark": 15, "date": "2012-03-02 17:55:31", "votes": 1, "users_voted": [1]}}, {"pk": 9, "model": "bookmarks.sharedbookmark", "fields": {"bookmark": 16, "date": "2012-03-02 17:56:53", "votes": 1, "users_voted": [1]}}, {"pk": 1, "model": "bookmarks.friendship", "fields": {"to_friend": 2, "from_friend": 1}}, {"pk": 2, "model": "bookmarks.friendship", "fields": {"to_friend": 4, "from_friend": 1}}, {"pk": 3, "model": "bookmarks.friendship", "fields": {"to_friend": 1, "from_friend": 2}}, {"pk": 4, "model": "bookmarks.friendship", "fields": {"to_friend": 6, "from_friend": 6}}, {"pk": 5, "model": "bookmarks.friendship", "fields": {"to_friend": 1, "from_friend": 6}}, {"pk": 6, "model": "bookmarks.friendship", "fields": {"to_friend": 4, "from_friend": 6}}, {"pk": 7, "model": "bookmarks.friendship", "fields": {"to_friend": 2, "from_friend": 6}}, {"pk": 1, "model": "bookmarks.invitation", "fields": {"code": "hpHHPHdqyGtyZvFtqZCL", "sender": 6, "name": "", "email": ""}}, {"pk": 2, "model": "bookmarks.invitation", "fields": {"code": "3SNWADmaauNFz4ksXdH7", "sender": 6, "name": "", "email": ""}}, {"pk": 3, "model": "bookmarks.invitation", "fields": {"code": "FV2f4EpQjDLLAhkG2SYB", "sender": 6, "name": "", "email": ""}}, {"pk": 4, "model": "bookmarks.invitation", "fields": {"code": "y9fmjCHXJYAM39MZnq5C", "sender": 6, "name": "", "email": ""}}, {"pk": 5, "model": "bookmarks.invitation", "fields": {"code": "UV9JJEsj4Vjp4gyFD3hR", "sender": 6, "name": "", "email": ""}}, {"pk": 6, "model": "bookmarks.invitation", "fields": {"code": "2U3qYqQJ4eM3hKApAVpb", "sender": 6, "name": "", "email": ""}}, {"pk": 7, "model": "bookmarks.invitation", "fields": {"code": "EyNu58dwxBLBbk8MCeyM", "sender": 6, "name": "", "email": ""}}, {"pk": 8, "model": "bookmarks.invitation", "fields": {"code": "vWSj5HNBWc2AR4NRXFYq", "sender": 6, "name": "", "email": ""}}, {"pk": 9, "model": "bookmarks.invitation", "fields": {"code": "b6bpykh5z58V5fhCqUnE", "sender": 6, "name": "", "email": ""}}, {"pk": 10, "model": "bookmarks.invitation", "fields": {"code": "nLVHrSNtFyGyDjUwKtTj", "sender": 6, "name": "", "email": ""}}, {"pk": 11, "model": "bookmarks.invitation", "fields": {"code": "8fg6FmD6kVsh8JnDV8rM", "sender": 6, "name": "Lion Leo", "email": "nguoiduathu92@gmail.com"}}, {"pk": 12, "model": "bookmarks.invitation", "fields": {"code": "LuzeZr6UdcvepKamkpPn", "sender": 6, "name": "Lion Leo", "email": "nguoiduathu92@gmail.com"}}, {"pk": 13, "model": "bookmarks.invitation", "fields": {"code": "RFBSh7VhnVCmk6Dv4t7f", "sender": 6, "name": "Lion Leo", "email": "nguoiduathu92@gmail.com"}}, {"pk": 14, "model": "bookmarks.invitation", "fields": {"code": "37FXKX9WayqWth24Az5V", "sender": 6, "name": "Lion Leo", "email": "nguoiduathu92@gmail.com"}}, {"pk": 15, "model": "bookmarks.invitation", "fields": {"code": "Tj5xwWqWmDSaxYauhspR", "sender": 6, "name": "Lion Leo", "email": "nguoiduathu92@gmail.com"}}, {"pk": 16, "model": "bookmarks.invitation", "fields": {"code": "eNuXcCfaD2sCtcXXFCaS", "sender": 6, "name": "Lion Leo", "email": "nguoiduathu92@gmail.com"}}, {"pk": 17, "model": "bookmarks.invitation", "fields": {"code": "trHH4S83zkrpTEbgYsVT", "sender": 6, "name": "Lion Leo", "email": "nguoiduathu92@gmail.com"}}, {"pk": 18, "model": "bookmarks.invitation", "fields": {"code": "nQDxywhbEARSkqnnbGbk", "sender": 6, "name": "Lion Leo", "email": "nguoiduathu92@gmail.com"}}, {"pk": 19, "model": "bookmarks.invitation", "fields": {"code": "UbuEBZxWvJzGPZxFbbfa", "sender": 6, "name": "Lion Leo", "email": "nguoiduathu92@gmail.com"}}, {"pk": 20, "model": "bookmarks.invitation", "fields": {"code": "WM8NhBsjU6ENavPBWQk8", "sender": 6, "name": "Lion Leo", "email": "nguoiduathu92@gmail.com"}}, {"pk": 21, "model": "bookmarks.invitation", "fields": {"code": "zmvZkj4QCKUh2xjd6Zfq", "sender": 6, "name": "Lion Leo", "email": "nguoiduathu92@gmail.com"}}, {"pk": 22, "model": "bookmarks.invitation", "fields": {"code": "rwUVCbvzhngU6jXRg4uC", "sender": 6, "name": "Lion Leo", "email": "nguoiduathu92@gmail.com"}}, {"pk": 23, "model": "bookmarks.invitation", "fields": {"code": "QppMdVQ9j8QXTrpgga2T", "sender": 6, "name": "Lion Leo", "email": "nguoiduathu92@gmail.com"}}, {"pk": 24, "model": "bookmarks.invitation", "fields": {"code": "fw5Vp65ymYf5YvSMqyxQ", "sender": 6, "name": "Lion Leo", "email": "nguoiduathu92@gmail.com"}}, {"pk": 25, "model": "bookmarks.invitation", "fields": {"code": "NnReQTVT6x9ABYF5xQ9Q", "sender": 6, "name": "Lion Leo", "email": "nguoiduathu92@gmail.com"}}, {"pk": 26, "model": "bookmarks.invitation", "fields": {"code": "jCuNsSk5wNjHUfpGDAHJ", "sender": 6, "name": "Lion Leo", "email": "nguoiduathu92@gmail.com"}}, {"pk": 27, "model": "bookmarks.invitation", "fields": {"code": "RX85Ng7pyxB22dwgCE78", "sender": 6, "name": "Lion Leo", "email": "nguoiduathu92@gmail.com"}}, {"pk": 28, "model": "bookmarks.invitation", "fields": {"code": "qbSMpJQX949Kwj2F6prJ", "sender": 6, "name": "Lion Leo", "email": "nguoiduathu92@gmail.com"}}, {"pk": 29, "model": "bookmarks.invitation", "fields": {"code": "dsjsCsfVPn35tmx4EHbT", "sender": 6, "name": "Lion Leo", "email": "nguoiduathu92@gmail.com"}}, {"pk": 41, "model": "auth.permission", "fields": {"codename": "add_logentry", "name": "Can add log entry", "content_type": 14}}, {"pk": 42, "model": "auth.permission", "fields": {"codename": "change_logentry", "name": "Can change log entry", "content_type": 14}}, {"pk": 43, "model": "auth.permission", "fields": {"codename": "delete_logentry", "name": "Can delete log entry", "content_type": 14}}, {"pk": 4, "model": "auth.permission", "fields": {"codename": "add_group", "name": "Can add group", "content_type": 2}}, {"pk": 5, "model": "auth.permission", "fields": {"codename": "change_group", "name": "Can change group", "content_type": 2}}, {"pk": 6, "model": "auth.permission", "fields": {"codename": "delete_group", "name": "Can delete group", "content_type": 2}}, {"pk": 10, "model": "auth.permission", "fields": {"codename": "add_message", "name": "Can add message", "content_type": 4}}, {"pk": 11, "model": "auth.permission", "fields": {"codename": "change_message", "name": "Can change message", "content_type": 4}}, {"pk": 12, "model": "auth.permission", "fields": {"codename": "delete_message", "name": "Can delete message", "content_type": 4}}, {"pk": 1, "model": "auth.permission", "fields": {"codename": "add_permission", "name": "Can add permission", "content_type": 1}}, {"pk": 2, "model": "auth.permission", "fields": {"codename": "change_permission", "name": "Can change permission", "content_type": 1}}, {"pk": 3, "model": "auth.permission", "fields": {"codename": "delete_permission", "name": "Can delete permission", "content_type": 1}}, {"pk": 7, "model": "auth.permission", "fields": {"codename": "add_user", "name": "Can add user", "content_type": 3}}, {"pk": 8, "model": "auth.permission", "fields": {"codename": "change_user", "name": "Can change user", "content_type": 3}}, {"pk": 9, "model": "auth.permission", "fields": {"codename": "delete_user", "name": "Can delete user", "content_type": 3}}, {"pk": 25, "model": "auth.permission", "fields": {"codename": "add_bookmark", "name": "Can add bookmark", "content_type": 9}}, {"pk": 26, "model": "auth.permission", "fields": {"codename": "change_bookmark", "name": "Can change bookmark", "content_type": 9}}, {"pk": 27, "model": "auth.permission", "fields": {"codename": "delete_bookmark", "name": "Can delete bookmark", "content_type": 9}}, {"pk": 44, "model": "auth.permission", "fields": {"codename": "add_friendship", "name": "Can add friendship", "content_type": 15}}, {"pk": 45, "model": "auth.permission", "fields": {"codename": "change_friendship", "name": "Can change friendship", "content_type": 15}}, {"pk": 46, "model": "auth.permission", "fields": {"codename": "delete_friendship", "name": "Can delete friendship", "content_type": 15}}, {"pk": 47, "model": "auth.permission", "fields": {"codename": "add_invitation", "name": "Can add invitation", "content_type": 16}}, {"pk": 48, "model": "auth.permission", "fields": {"codename": "change_invitation", "name": "Can change invitation", "content_type": 16}}, {"pk": 49, "model": "auth.permission", "fields": {"codename": "delete_invitation", "name": "Can delete invitation", "content_type": 16}}, {"pk": 22, "model": "auth.permission", "fields": {"codename": "add_link", "name": "Can add link", "content_type": 8}}, {"pk": 23, "model": "auth.permission", "fields": {"codename": "change_link", "name": "Can change link", "content_type": 8}}, {"pk": 24, "model": "auth.permission", "fields": {"codename": "delete_link", "name": "Can delete link", "content_type": 8}}, {"pk": 31, "model": "auth.permission", "fields": {"codename": "add_sharedbookmark", "name": "Can add shared bookmark", "content_type": 11}}, {"pk": 32, "model": "auth.permission", "fields": {"codename": "change_sharedbookmark", "name": "Can change shared bookmark", "content_type": 11}}, {"pk": 33, "model": "auth.permission", "fields": {"codename": "delete_sharedbookmark", "name": "Can delete shared bookmark", "content_type": 11}}, {"pk": 28, "model": "auth.permission", "fields": {"codename": "add_tag", "name": "Can add tag", "content_type": 10}}, {"pk": 29, "model": "auth.permission", "fields": {"codename": "change_tag", "name": "Can change tag", "content_type": 10}}, {"pk": 30, "model": "auth.permission", "fields": {"codename": "delete_tag", "name": "Can delete tag", "content_type": 10}}, {"pk": 34, "model": "auth.permission", "fields": {"codename": "add_comment", "name": "Can add comment", "content_type": 12}}, {"pk": 37, "model": "auth.permission", "fields": {"codename": "can_moderate", "name": "Can moderate comments", "content_type": 12}}, {"pk": 35, "model": "auth.permission", "fields": {"codename": "change_comment", "name": "Can change comment", "content_type": 12}}, {"pk": 36, "model": "auth.permission", "fields": {"codename": "delete_comment", "name": "Can delete comment", "content_type": 12}}, {"pk": 38, "model": "auth.permission", "fields": {"codename": "add_commentflag", "name": "Can add comment flag", "content_type": 13}}, {"pk": 39, "model": "auth.permission", "fields": {"codename": "change_commentflag", "name": "Can change comment flag", "content_type": 13}}, {"pk": 40, "model": "auth.permission", "fields": {"codename": "delete_commentflag", "name": "Can delete comment flag", "content_type": 13}}, {"pk": 13, "model": "auth.permission", "fields": {"codename": "add_contenttype", "name": "Can add content type", "content_type": 5}}, {"pk": 14, "model": "auth.permission", "fields": {"codename": "change_contenttype", "name": "Can change content type", "content_type": 5}}, {"pk": 15, "model": "auth.permission", "fields": {"codename": "delete_contenttype", "name": "Can delete content type", "content_type": 5}}, {"pk": 16, "model": "auth.permission", "fields": {"codename": "add_session", "name": "Can add session", "content_type": 6}}, {"pk": 17, "model": "auth.permission", "fields": {"codename": "change_session", "name": "Can change session", "content_type": 6}}, {"pk": 18, "model": "auth.permission", "fields": {"codename": "delete_session", "name": "Can delete session", "content_type": 6}}, {"pk": 19, "model": "auth.permission", "fields": {"codename": "add_site", "name": "Can add site", "content_type": 7}}, {"pk": 20, "model": "auth.permission", "fields": {"codename": "change_site", "name": "Can change site", "content_type": 7}}, {"pk": 21, "model": "auth.permission", "fields": {"codename": "delete_site", "name": "Can delete site", "content_type": 7}}, {"pk": 1, "model": "auth.user", "fields": {"username": "admin", "first_name": "Hi\u1ec7u", "last_name": "Nguy\u1ec5n", "is_active": true, "is_superuser": true, "is_staff": true, "last_login": "2012-03-04 16:00:11", "groups": [], "user_permissions": [], "password": "sha1$edf8f$801cbea8ba618243b5d28c9837d96ad93b971a58", "email": "nguoiduathu92@gmail.com", "date_joined": "2012-02-24 22:43:47"}}, {"pk": 2, "model": "auth.user", "fields": {"username": "test", "first_name": "", "last_name": "", "is_active": true, "is_superuser": false, "is_staff": false, "last_login": "2012-02-29 17:30:22", "groups": [], "user_permissions": [], "password": "sha1$756f2$f364b437a797332d807e8a1c27f239cb66d38df6", "email": "test@example.com", "date_joined": "2012-02-26 10:03:51"}}, {"pk": 4, "model": "auth.user", "fields": {"username": "postman92", "first_name": "", "last_name": "", "is_active": true, "is_superuser": false, "is_staff": false, "last_login": "2012-03-03 14:45:23", "groups": [], "user_permissions": [], "password": "sha1$65d6f$2b229a0fbdd0749b2d968690a0cea9c0fef3589f", "email": "postman@gmail.com", "date_joined": "2012-02-28 22:23:11"}}, {"pk": 5, "model": "auth.user", "fields": {"username": "postman128", "first_name": "", "last_name": "", "is_active": true, "is_superuser": false, "is_staff": false, "last_login": "2012-02-28 22:47:45", "groups": [], "user_permissions": [], "password": "sha1$fa7ef$9b247fb5a987683e63fa14d39135a1443e344c14", "email": "postman1@gmail.com", "date_joined": "2012-02-28 22:47:15"}}, {"pk": 6, "model": "auth.user", "fields": {"username": "postman1", "first_name": "User", "last_name": "user", "is_active": true, "is_superuser": true, "is_staff": true, "last_login": "2012-03-03 16:00:14", "groups": [], "user_permissions": [41, 42, 4, 6, 11, 3, 9, 16], "password": "sha1$f582a$1e9c197546cb1965f2700e9039320240ff93c58c", "email": "loveyou_hateyou169@yahoo.com", "date_joined": "2012-03-01 23:34:40"}}, {"pk": 7, "model": "auth.user", "fields": {"username": "postman128@gmail.com", "first_name": "Nguyen", "last_name": "Hieu", "is_active": true, "is_superuser": false, "is_staff": false, "last_login": "2012-03-01 23:34:58", "groups": [], "user_permissions": [], "password": "sha1$02624$32af53e4d7bdb430abdf320809f49257c6ba2420", "email": "nguyen_phu_hieu_92@yahoo.com.vn", "date_joined": "2012-03-01 23:34:58"}}, {"pk": 8, "model": "auth.user", "fields": {"username": "user1", "first_name": "", "last_name": "", "is_active": true, "is_superuser": false, "is_staff": false, "last_login": "2012-03-02 17:04:01", "groups": [], "user_permissions": [], "password": "sha1$a720a$8cc5a3047c56f7f0850e256a310c86c4adadae0f", "email": "a@gmail.com", "date_joined": "2012-03-02 17:03:41"}}]